band,wavelength,mean,stdev,stdev/mean,median,min,max
1,398.08,0.025658976869049,0.019558541726074,0.7622494780634212,0.022535488009453,2.1929e-11,0.707659661769867
2,400.292,0.022273742716818,0.015706065353231,0.7051381329538294,0.019814928993583,2.295e-12,0.455547422170639
3,402.503,0.014812393289566,0.012860504294013,0.8682259539430451,0.013194538652897,3.094e-12,0.822229385375977
4,404.715,0.010036657387311,0.006463399345053,0.643979274735875,0.009061520919204,3.873e-12,0.109760716557503
5,406.927,0.012120096123323,0.007968911704095,0.6574957511071406,0.010989956092089,3.494e-12,0.303226709365845
6,409.139,0.010289959442711,0.006706454047763,0.6517473742341703,0.009236917831004,3.032e-12,0.22967417538166
7,411.351,0.010113900714884,0.006310737836058,0.6239667576300091,0.009100707247853,2.2e-14,0.0794917345047
8,413.563,0.008259238056581,0.005187766631171,0.6281168548032542,0.007379430811852,7.48e-13,0.049633920192719
9,415.775,0.008553413814137,0.005308672701767,0.6206495812225146,0.007646954618394,3.73e-13,0.095732271671295
10,417.986,0.00785869550054,0.004882438116073,0.6212784444616171,0.006977065466344,9.33e-13,0.047048464417458
11,420.198,0.006757844231935,0.004088743719748,0.605036692089787,0.006028783507645,1.5e-13,0.043221745640039
12,422.41,0.007270305942308,0.004399513261867,0.6051345427246696,0.006463672034442,1.73e-13,0.045114811509848
13,424.622,0.006334172573704,0.003728999151078,0.5887113285417503,0.005660878028721,1.3e-13,0.03790345788002
14,426.834,0.006825479932528,0.003989243502417,0.5844634431354158,0.006101235747337,2.8e-14,0.044076923280954
15,429.046,0.006413675255708,0.003625236759175,0.5652354718066893,0.00578520540148,3.2e-14,0.108028747141361
16,431.258,0.007028834133103,0.003979788157649,0.5662088594331439,0.006328497547656,1.35e-13,0.040589634329081
17,433.469,0.006709930956214,0.003706690486852,0.5524185734607703,0.006109749898314,8.8e-14,0.076599523425102
18,435.681,0.007499924280374,0.004063729097832,0.5418360167270053,0.00681285886094,1.59e-13,0.042508941143751
19,437.893,0.007479677408595,0.004130580350739,0.5522404410105299,0.006821140646935,4.08e-13,0.147263795137405
20,440.105,0.007920053005203,0.003968793502286,0.5011069369963486,0.007272987160832,3.09e-13,0.035856690257788
21,442.317,0.007936527388512,0.003895109292992,0.490782568032224,0.007362178061157,2.3e-14,0.034146409481764
22,444.529,0.008644741176411,0.0041146319987,0.4759693685136163,0.008027038536966,5.97e-13,0.03594233840704
23,446.741,0.008962529056581,0.004191552542644,0.46767519705458915,0.008378104306757,3.6e-13,0.035776745527983
24,448.952,0.008891217481603,0.004048314760326,0.45531613288084005,0.008313023485243,2.642e-12,0.034318946301937
25,451.164,0.008308200759853,0.003695365741671,0.4447853209719963,0.007806917186826,3.79e-13,0.031189415603876
26,453.376,0.009159286723588,0.003993523477458,0.43600813010618394,0.008627481758595,6.426e-12,0.033527176827192
27,455.588,0.008905061310213,0.003846525493207,0.43194823249509945,0.008407918736339,1.308e-12,0.0335942953825
28,457.8,0.009488362295717,0.004008887247014,0.4225057098445315,0.008956404402852,5.845e-12,0.03415235504508
29,460.012,0.009383580456089,0.0039579963423,0.4218002244262379,0.008882410824299,1.587e-12,0.032942146062851
30,462.224,0.009496331119718,0.00396097295781,0.41710560719449974,0.008996409364045,3.603e-12,0.033941429108381
31,464.435,0.009203307738769,0.003825367225101,0.4156513433737104,0.008725902065635,9.7e-14,0.033144243061543
32,466.647,0.009089979435686,0.003725551844032,0.4098526152222083,0.008611789904535,3.389e-12,0.031456205993891
33,468.859,0.008922044902582,0.003708268800297,0.41562991901372787,0.008470937609673,1.223e-12,0.031274978071451
34,471.071,0.009693134878195,0.003949615806973,0.4074652686261263,0.009197112172842,2.381e-12,0.036146689206362
35,473.283,0.009422403650546,0.003873341859193,0.4110778950728301,0.008949459530413,1.6045e-11,0.032353900372982
36,475.495,0.009888508360804,0.003950691881747,0.3995235416300728,0.009415787644684,1.842e-12,0.033579144626856
37,477.707,0.009371878575127,0.003803499639598,0.40584175404198064,0.008923351764679,2.62e-12,0.031452845782042
38,479.918,0.009632761157655,0.003808530659518,0.39537268672870834,0.009179130196571,2.568e-12,0.032884806394577
39,482.13,0.009396447892909,0.003788827021896,0.4032190743861014,0.008942826651037,2.01e-12,0.03121479973197
40,484.342,0.009512327007896,0.003741730078967,0.3933559134227683,0.009069863706827,3.244e-12,0.03277288377285
41,486.554,0.0099342023547,0.003986124405851,0.40125258813206205,0.009478007443249,6.8e-13,0.034480281174183
42,488.766,0.00988827424609,0.003898034529191,0.39420776893726955,0.009433838538826,1.7482e-11,0.033116601407528
43,490.978,0.009580570010945,0.00383808047892,0.40061086913777716,0.009137079119682,8.991e-12,0.034396339207888
44,493.189,0.009795563251571,0.003795852424817,0.3875073160502767,0.009370276704431,1.543e-12,0.032453432679176
45,495.401,0.009566398967055,0.00375082784912,0.3920835689622807,0.009157138876617,2.18e-12,0.032694049179554
46,497.613,0.009851158388226,0.003692593116146,0.37483846778459556,0.009478352963924,5.813e-12,0.031717129051685
47,499.825,0.009953260280485,0.003761168881351,0.3778831031602166,0.0095927529037,3.767e-12,0.03251726552844
48,502.037,0.01024901570182,0.003773148489748,0.36814740064043144,0.009896489791572,2.724e-12,0.033638685941696
49,504.249,0.010490742599738,0.003893300473751,0.3711177199074766,0.010147538036108,1.949e-12,0.034254420548677
50,506.461,0.010572637923268,0.003797723751939,0.3592030465340219,0.010257759131491,1.9949e-11,0.033375799655914
51,508.672,0.010719256214439,0.003874221064397,0.36142629552770333,0.010430221445858,1.4286e-11,0.034349672496319
52,510.884,0.010789973377102,0.003749551713247,0.34750333315966575,0.010548733174801,3.434e-12,0.031610254198313
53,513.096,0.010867373274596,0.003784005422361,0.3481987161705985,0.010665467008948,6.206e-12,0.033253598958254
54,515.308,0.011640818819592,0.00388313884877,0.3335795281200073,0.011496922001243,8.8590226369e-05,0.033257134258747
55,517.52,0.012102780174202,0.004036455965758,0.33351477161933535,0.012015315704048,3.3256e-11,0.033682551234961
56,519.732,0.012657795471765,0.004069399996396,0.32149358120640925,0.012612409889698,2.8663e-11,0.034246888011694
57,521.944,0.01294484166674,0.00415975102251,0.3213442952491192,0.012978693470359,3.118e-12,0.034747865051031
58,524.155,0.013814281626996,0.004230597997112,0.30624813590339184,0.013926937244833,6.256e-12,0.036413133144379
59,526.367,0.013772153905273,0.004193272133093,0.3044746785386638,0.013945466838777,1.2392e-11,0.034728907048702
60,528.579,0.014622009248443,0.004288871266205,0.29331613688191954,0.014823750592768,3.712e-12,0.035707451403141
61,530.791,0.014675477818398,0.004302632124622,0.2931851472139449,0.014931824989617,1.6771e-11,0.036081098020077
62,533.003,0.015497335341444,0.004416766435904,0.2850016689057758,0.015790680423379,3.5359e-11,0.036099102348089
63,535.215,0.015645541872806,0.004502368309719,0.287773242136452,0.015960006043315,0.000356090255082,0.037387948483229
64,537.427,0.016671202943229,0.004702041150731,0.2820457028051915,0.017026457935572,3.0514e-11,0.039162278175354
65,539.638,0.016631957544476,0.004750108910778,0.285601312898713,0.017009578645229,0.000199755770154,0.038793958723545
66,541.85,0.016901480340075,0.004758641293454,0.2815517456285065,0.017296191304922,0.000154342778842,0.038691367954016
67,544.062,0.016643183640824,0.004770118268418,0.28661092561145546,0.017046418040991,8.0656114733e-05,0.039872255176306
68,546.274,0.017336144963667,0.004892161697902,0.28219432337206257,0.017767421901226,0.000459877512185,0.039479047060013
69,548.486,0.016558999950031,0.004745955110853,0.2866088003608041,0.016969415359199,0.000413470406784,0.037512000650167
70,550.698,0.017294788452213,0.004882708229652,0.282322518320669,0.017731448635459,0.000174681161297,0.038529515266418
71,552.91,0.017122737552071,0.004899720309462,0.28615285929377443,0.017561160027981,0.000368510518456,0.039855375885963
72,555.121,0.018063429750893,0.005097651800967,0.28220841065440455,0.018526297062635,0.000712307810318,0.03998863697052
73,557.333,0.018056095491979,0.005168599638006,0.2862523428889723,0.018535301089287,0.000754292181227,0.041361175477505
74,559.545,0.018225155680991,0.005161959742064,0.28323268302437443,0.0187052115798,0.000805156771094,0.04144923388958
75,561.757,0.018019031775279,0.005196825903837,0.28840761083327043,0.018505439162254,0.000279874104308,0.042328592389822
76,563.969,0.018057022441441,0.005157078651591,0.2855996146826215,0.018517144024372,0.000883137749042,0.042079113423824
77,566.181,0.017595046982511,0.005117307928206,0.2908379803300591,0.018046730197966,0.000460752955405,0.040471848100424
78,568.393,0.017786760064424,0.005118257713946,0.2877566063413218,0.01822898350656,0.000162270240253,0.040917005389929
79,570.604,0.017278228453702,0.005067832968754,0.2933074407676428,0.017709895968437,1.1568e-11,0.039459027349949
80,572.816,0.017116272864598,0.004973047391369,0.2905449936857968,0.017513793893158,0.000147429309436,0.040863670408726
81,575.028,0.017273888785768,0.005098538626679,0.29515870397867205,0.017661584541202,0.00037137005711,0.041296344250441
82,577.24,0.017346082828926,0.005073254026926,0.2924726047350551,0.017705602571368,0.000483401643578,0.040924690663815
83,579.452,0.016703656693422,0.004972850396415,0.29771028510022823,0.017036516219378,9.5925708592e-05,0.041715160012245
84,581.664,0.016695555308212,0.004931457325242,0.2953754597678088,0.016989511437714,0.000607556547038,0.040937293320894
85,583.876,0.016386515102229,0.004940644348267,0.30150671557950365,0.016667011193931,0.00021231683786,0.041212163865566
86,586.087,0.016152207939943,0.004824745156771,0.29870499282267327,0.016403923742473,0.000265276001301,0.039901956915855
87,588.299,0.015942475905175,0.004843714937847,0.30382451048740233,0.016182282939553,2.2811e-11,0.040050387382507
88,590.511,0.015933242820238,0.004807612252679,0.3017347006456522,0.016150483861566,2.3253e-11,0.039758801460266
89,592.723,0.015943234379999,0.004889623207535,0.3066895393364534,0.016155144199729,9.77e-13,0.039907742291689
90,594.935,0.015870383631567,0.004803752698202,0.30268661487470866,0.016077296808362,0.000408282008721,0.039772197604179
91,597.147,0.015916602209185,0.004904758601298,0.30815362078142583,0.016114367172122,0.000178030197276,0.040150303393602
92,599.359,0.015729657992507,0.004784334736778,0.3041601247183551,0.015920406207442,9.9565346318e-05,0.039948020130396
93,601.57,0.015934509206981,0.004934869569199,0.3096969919247343,0.016125435940921,3.051e-11,0.04110798612237
94,603.782,0.016345348185106,0.004999825292148,0.3058867413239858,0.016537445597351,0.000102103571407,0.041509468108416
95,605.994,0.015942673815896,0.004960653299207,0.31115566663986244,0.016116111539304,6.5926040406e-05,0.040926575660706
96,608.206,0.015650390122229,0.004823627219904,0.30821130861477825,0.015803396701813,0.000132793022203,0.039671264588833
97,610.418,0.015520880647096,0.004877938757798,0.3142823444564452,0.015663659200072,3.2707e-11,0.040693148970604
98,612.63,0.015322358130909,0.004775502687645,0.311668911981089,0.01544778700918,0.000212624770938,0.039825677871704
99,614.842,0.015092769704163,0.004794472606164,0.3176668497659216,0.015204810537398,1.0856e-11,0.040692839771509
100,617.053,0.015241321040169,0.00479347260538,0.3145050611260432,0.015326979570091,0.000392551533878,0.040500372648239
101,619.265,0.0146927794919,0.004716657280573,0.32101872101008877,0.014774565584958,3.568e-12,0.039719648659229
102,621.477,0.014781131395334,0.004696501776821,0.3177362849438953,0.014821928925812,0.000149259009049,0.039494950324297
103,623.689,0.014816856732017,0.0048062177071,0.32437498681582616,0.014848156366497,0.000150542124175,0.040832236409187
104,625.901,0.014652305028794,0.004711717592527,0.32156835277915397,0.01465927856043,3.504e-12,0.039996203035116
105,628.113,0.014596280930788,0.004779177472134,0.3274243277993684,0.014604032970965,6.6963330028e-05,0.040937747806311
106,630.325,0.014710225798672,0.004762104177614,0.32372746977438716,0.014705176465213,1.2965e-11,0.041250925511122
107,632.536,0.014376695807889,0.004737154549619,0.32950231492131565,0.014365557581186,6.625e-12,0.040401451289654
108,634.748,0.014641406131132,0.004765182197113,0.3254593277745913,0.014623599126935,0.000334466807544,0.039512719959021
109,636.96,0.014213065795402,0.004703007958596,0.33089327990850836,0.014188755303621,5.7843044488e-05,0.0407281704247
110,639.172,0.014682331013679,0.004799296138849,0.3268756258374551,0.014653082937002,0.000126237297081,0.039620187133551
111,641.384,0.014025668234529,0.004670126428858,0.33296997695702507,0.013987243175507,7.746e-12,0.038549825549126
112,643.596,0.013890522600109,0.004582348605646,0.32989029553215243,0.013832863420248,1.0552e-11,0.038209371268749
113,645.808,0.014122885472766,0.004760169611983,0.3370536156483261,0.014046393334866,6.315e-12,0.04063281789422
114,648.019,0.014035133849784,0.004709310274042,0.3355372541826151,0.013941729441285,3.815e-12,0.040563210844994
115,650.231,0.01367471150783,0.004700582402001,0.3437427107189424,0.013554769568145,4.036e-12,0.040326464921236
116,652.443,0.013640378975335,0.004666201227425,0.34208735958601916,0.013491705991328,1.6873e-11,0.039668377488852
117,654.655,0.013215898622734,0.004620354819545,0.3496058006677701,0.013056959025562,3.449e-12,0.039859738200903
118,656.867,0.01320320426859,0.004593491285887,0.3479073104106075,0.013007548637688,1.2e-13,0.039470061659813
119,659.079,0.012944677038274,0.004609651431058,0.35610401228462285,0.012730620335788,1.0658e-11,0.038625039160252
120,661.291,0.012949666034084,0.004603589585096,0.35549871116206255,0.012693700380623,1.49e-13,0.038740552961826
121,663.502,0.01249236214442,0.004571460992509,0.3659404794433491,0.012198981828988,2.446e-12,0.03921577706933
122,665.714,0.012391772619342,0.004537694375773,0.3661860586991589,0.012051627971232,6.0742389905e-05,0.038881558924913
123,667.926,0.011905684221156,0.004500565235879,0.37801819301419465,0.011529854498804,2.013e-12,0.038381941616535
124,670.138,0.01199937321679,0.004534865762618,0.37792521998337675,0.011573474854231,1.729e-12,0.037910848855972
125,672.35,0.011214046727637,0.004367065356915,0.3894281398125776,0.010778193362057,5.079e-12,0.0380939245224
126,674.562,0.011269244872284,0.004371143728886,0.3878825758446827,0.010793463792652,1.996e-12,0.037729397416115
127,676.774,0.011118608764943,0.004420347900564,0.3975630399462716,0.010637132450938,3.198e-12,0.036973759531975
128,678.985,0.011171237243331,0.004403446146436,0.39417712206092187,0.010658798739314,1.3818e-11,0.037686057388783
129,681.197,0.011096613458866,0.004455063918222,0.401479598684451,0.010592678561807,3.271e-12,0.03786600753665
130,683.409,0.011193372113907,0.004417335784394,0.39463851817324663,0.010680153034627,4.858e-12,0.037351347506046
131,685.621,0.011451654702392,0.004573317174906,0.399358633643637,0.010959289968014,7.058e-12,0.039408382028341
132,687.833,0.011518505831397,0.00445757229224,0.3869922329760519,0.011070492677391,9.87e-12,0.03728474676609
133,690.045,0.012034525722344,0.004617024688797,0.38364824633053585,0.011660392861813,1.6436e-11,0.039905440062284
134,692.257,0.0133711890974,0.004865929275703,0.3639114846299773,0.01305659674108,8.499e-12,0.042453810572624
135,694.468,0.01373091133782,0.004883605591587,0.3556650736019063,0.013539679348469,5.022e-12,0.041118744760752
136,696.68,0.015013232877487,0.005044826184954,0.33602530688236626,0.014938174746931,1.4446e-11,0.043346356600523
137,698.892,0.01575558157389,0.005210296294698,0.3306952694994423,0.015794800594449,1.2354e-11,0.043200388550758
138,701.104,0.017287135479288,0.005467198046388,0.3162581824466141,0.017459586262703,0.000484538613819,0.044603772461414
139,703.316,0.018269135149354,0.005744125477962,0.3144169349562841,0.018569502979517,0.000188706268091,0.046116255223751
140,705.528,0.020175094789866,0.006125855257258,0.3036345217240333,0.020594552159309,6.7484e-11,0.050108507275581
141,707.74,0.021577448493975,0.006550069577325,0.3035608950314007,0.022100888192654,0.000194782900508,0.053840313106775
142,709.951,0.022996009684753,0.006809047914669,0.29609693194657116,0.023609884083271,0.001000141841359,0.057591486722231
143,712.163,0.0245210617004,0.007306187023069,0.29795557436853637,0.02522624656558,0.001517489319667,0.061149954795837
144,714.375,0.025562800010246,0.007450973828227,0.29147721788069086,0.026319617405534,0.002356723882258,0.061105787754059
145,716.587,0.026638625460172,0.00784139099423,0.29436169692591074,0.027462901547551,0.000166187164723,0.066528089344501
146,718.799,0.028559245332105,0.008281719866749,0.2899838483280603,0.029430298134685,0.002292486373335,0.067988246679306
147,721.011,0.028508177519579,0.008336073352575,0.29240990052239946,0.029403686523438,0.003381498623639,0.070535413920879
148,723.223,0.030045592072085,0.008625930743703,0.2870947166894824,0.030988324433565,0.004552991129458,0.070511199533939
149,725.434,0.031571288148335,0.00915055962834,0.2898380194481415,0.032561518251896,0.005048705264926,0.075844682753086
150,727.646,0.032838319041471,0.00936347421426,0.28513865775026476,0.033846708014607,0.006220610812306,0.080002911388874
151,729.858,0.034111330678802,0.009849559566081,0.2887474446196808,0.035142978653312,0.005830463953316,0.083547301590443
152,732.07,0.035068032881054,0.009958923932631,0.28398866758253355,0.036118060350418,0.00661723408848,0.084134683012962
153,734.282,0.035251143998805,0.010138729924298,0.2876142097584606,0.036251522600651,0.007588250096887,0.084235198795795
154,736.494,0.035937136449273,0.010167386097806,0.2829214317662108,0.036932963877916,0.007787801790982,0.084226287901402
155,738.706,0.036986817419037,0.010627456922451,0.28733093745397736,0.037958983331919,0.007970644161105,0.087169148027897
156,740.917,0.037590814703172,0.010614180578539,0.28236101458166457,0.038603443652391,0.007805889938027,0.087589092552662
157,743.129,0.038220622793442,0.010960784677514,0.2867767157209872,0.039181888103485,0.008467024192214,0.091234438121319
158,745.341,0.038854800118853,0.010952592305454,0.2818851794875048,0.039851948618889,0.009636089205742,0.091123335063457
159,747.553,0.04079464145934,0.011687942350555,0.2865068041400576,0.041792215779424,0.009721057489514,0.097741477191448
160,749.765,0.039651652724063,0.011170792635822,0.2817232540988864,0.040640763938427,0.009654576890171,0.094568639993668
161,751.977,0.039739086226858,0.011396758605821,0.28678964938349294,0.040701817721128,0.009979715570807,0.097227357327938
162,754.189,0.041038162132212,0.011572033793826,0.2819822621818336,0.042054025456309,0.010147133842111,0.099867381155491
163,756.4,0.040687734882875,0.011673292224348,0.28689953515355693,0.041655384004116,0.009448523633182,0.098784632980824
164,758.612,0.040154556166682,0.011330549348252,0.2821734425657394,0.041122302412987,0.01018217112869,0.097387671470642
165,760.824,0.039674401774692,0.011394825028219,0.2872084900719958,0.04059786349535,0.010078407824039,0.096475072205067
166,763.036,0.040919499821726,0.011678478413101,0.2854012992333883,0.041864508762956,0.009034573100507,0.097738198935986
167,765.248,0.04021706883205,0.011663047765077,0.29000243189733466,0.041223056614399,0.005673761013895,0.10114212334156
168,767.46,0.040656938192504,0.011522744481561,0.28341397542044794,0.041666317731142,0.00794886611402,0.103252105414867
169,769.672,0.041471647126477,0.011900079425645,0.28694494311627083,0.04247086122632,0.009391259402037,0.105068184435368
170,771.883,0.041775751105542,0.011730963454191,0.28080796021007415,0.042812194675207,0.011233566328883,0.101216658949852
171,774.095,0.040343340082067,0.011521966730662,0.2855977394837376,0.041315155103803,0.010329018346965,0.099758692085743
172,776.307,0.041020518882925,0.011539975029885,0.2813220150340071,0.042012501507998,0.011349172331393,0.098419837653637
173,778.519,0.041326411163023,0.011789426116888,0.2852758268890439,0.042319234460592,0.011135024949908,0.100404158234596
174,780.731,0.041509602569324,0.011650990844528,0.2806818211537924,0.042541150003672,0.010871914215386,0.10086065530777
175,782.943,0.04197174848491,0.011939260168495,0.28445944235054904,0.042983775958419,0.010647176764905,0.102647177875042
176,785.155,0.041896561872611,0.011734022623676,0.2800712540411788,0.04293161444366,0.011168795637786,0.100148871541023
177,787.366,0.040517858593703,0.011502903610946,0.2838971261115389,0.04150802269578,0.010864045470953,0.097123943269253
178,789.578,0.040983196627657,0.011457054006361,0.2795549139431781,0.042004473507404,0.010740179568529,0.096793502569199
179,791.79,0.040992888025372,0.01162905490306,0.28368469418066744,0.041998028755188,0.010530441068113,0.101652808487415
180,794.002,0.042338687522435,0.011825663091436,0.27931104584122163,0.043394301086664,0.011940949596465,0.101112633943558
181,796.214,0.042007268870322,0.011920582119971,0.2837742714664521,0.043035158887506,0.009647056460381,0.104911044239998
182,798.426,0.041791997990046,0.011686797696014,0.2796419950727782,0.042840909212828,0.011079543270171,0.099816404283047
183,800.638,0.040141300271732,0.011358151283067,0.2829542442865397,0.041140489280224,0.010572085157037,0.097786426544189
184,802.849,0.042268988534854,0.011769009276844,0.2784312964370925,0.043311394751072,0.015001696534455,0.100460760295391
185,805.061,0.041842632671477,0.01181003798085,0.28224892237482435,0.042867839336395,0.011040771380067,0.101228564977646
186,807.273,0.042290039040083,0.011770327478939,0.27832387356708144,0.043344598263502,0.011304000392556,0.100413747131824
187,809.485,0.040909938480099,0.0115361420189,0.2819887403280222,0.041933253407478,0.010170552879572,0.100085280835629
188,811.697,0.041999744554091,0.011709903757951,0.27880892806073965,0.043014595285058,0.011284183710814,0.100952245295048
189,813.909,0.041561650976027,0.0117530964227,0.282787043986276,0.042621158063412,0.008972856216133,0.099203296005726
190,816.121,0.041118343900682,0.011531103185673,0.2804369556693586,0.042095379903913,0.009229230694473,0.097466334700584
191,818.332,0.039748517020446,0.011312863090694,0.28461094749459065,0.040739987045527,0.006115102674812,0.098031669855118
192,820.544,0.043002617314793,0.01209092736913,0.2811672433940595,0.043948724865913,0.00938337482512,0.107781246304512
193,822.756,0.042248907289723,0.012055192487796,0.28533737938184295,0.043298725038767,0.009156147018075,0.101689457893372
194,824.968,0.041691893518588,0.011676207091938,0.28005940979227184,0.042653899639845,0.008129047229886,0.100384242832661
195,827.18,0.041483787875802,0.011784554693902,0.2840761487158234,0.042519306764007,0.007249931339175,0.098749093711376
196,829.392,0.04177475828935,0.011665122638066,0.2792385429801491,0.042728416621685,0.009286327287555,0.101451605558395
197,831.604,0.04270660199424,0.012096155718886,0.2832385428491233,0.043772134929895,0.006236446555704,0.101246900856495
198,833.815,0.041730417802453,0.0116298238063,0.2786893690198418,0.042694019153714,0.008242547512054,0.095997624099255
199,836.027,0.040634976814117,0.011491119959642,0.2827888892913031,0.041667014360428,0.007826054468751,0.098452970385551
200,838.239,0.041728641891969,0.011590449889713,0.27775765910904643,0.042723735794425,0.008193392306566,0.099370494484901
201,840.451,0.041498343929426,0.011719982288905,0.2824204818591446,0.042560260742903,0.006161177996546,0.098938994109631
202,842.663,0.044201745019462,0.012276876890821,0.2777464302691104,0.045236805453897,0.007206874433905,0.104445546865463
203,844.875,0.041271060637988,0.011649868986085,0.2822769467514451,0.042311117053032,0.007304237224162,0.098494417965412
204,847.087,0.042633619869152,0.011856338453193,0.27809832919610417,0.043627515435219,0.008253550156951,0.102261483669281
205,849.298,0.041859810137686,0.011782237701579,0.2814689713791024,0.042934484779835,0.00739808473736,0.100184746086597
206,851.51,0.041349755195829,0.011471713549722,0.2774312325524763,0.042294777929783,0.008855779655278,0.098696112632751
207,853.722,0.04274934237669,0.011996984586524,0.28063553541505737,0.043812319636345,0.001732841483317,0.103418983519077
208,855.934,0.043400049140537,0.012024838080523,0.27706968813755156,0.044406458735466,0.007331263273954,0.100309878587723
209,858.146,0.042466543571601,0.011947108384944,0.2813298983186729,0.043530194088817,0.004690851084888,0.10324102640152
210,860.358,0.043272426377301,0.011990083052334,0.2770836779012587,0.044258154928684,0.007394419517368,0.103174962103367
211,862.57,0.041388340743433,0.011604159604076,0.28037267007175704,0.042449627071619,0.006307448726147,0.097195088863373
212,864.781,0.040915628632013,0.011319345157709,0.2766508919980903,0.041857063770294,0.008603864349425,0.101611159741879
213,866.993,0.040249759322236,0.011303215993211,0.28082692129208664,0.041225727647543,0.00536283524707,0.09437869489193
214,869.205,0.042993015967581,0.011918532931149,0.2772202103740804,0.043927364051342,0.007535903714597,0.103525072336197
215,871.417,0.041647098517685,0.011716322734521,0.2813238653239142,0.042664006352425,0.002580237574875,0.102462016046047
216,873.629,0.041693527237283,0.011522225593172,0.27635526079618056,0.042632780969143,0.005992965772748,0.097636342048645
217,875.841,0.041674413435913,0.011664121991832,0.2798868905442211,0.042694926261902,0.006930308416486,0.101257279515266
218,878.053,0.042803311989743,0.011817508287502,0.27608864216707907,0.043781191110611,0.006670829840004,0.098854437470436
219,880.264,0.042628805585855,0.011901622883748,0.27919203271548315,0.043639466166496,0.00419851904735,0.100379459559917
220,882.476,0.042086645962578,0.011586468659817,0.2753003570329479,0.043012239038944,0.005665984004736,0.09950739890337
221,884.688,0.042439974439336,0.01182101436634,0.27853490777278955,0.043472100049257,0.002665845910087,0.102672412991524
222,886.9,0.041111807812049,0.011307131296792,0.2750336679059421,0.042002223432064,0.004517120774835,0.094857253134251
223,889.112,0.041484203520944,0.011551158746606,0.27844716220173304,0.04252403229475,0.00602474110201,0.09796991944313
224,891.324,0.042249503471976,0.011650812347526,0.27576211292646213,0.043178346008062,0.002702831290662,0.099266871809959
225,893.536,0.041471445651016,0.011571610945987,0.2790259843691634,0.04248633608222,0.003313465975225,0.099139928817749
226,895.747,0.041153400983269,0.011383110837094,0.2766019469866373,0.042070180177689,0.003644106676802,0.098292574286461
227,897.959,0.040270321095016,0.011271151162661,0.2798872930778781,0.041259288787842,0.003862571436912,0.093119390308857
228,900.171,0.03856611196472,0.010725444056493,0.2781054016102157,0.039466686546803,0.004360555205494,0.09236016869545
229,902.383,0.038708782063817,0.01096786288106,0.2833430114896898,0.039680996909738,8.1915e-11,0.095306426286697
230,904.595,0.03725708383427,0.010330951091807,0.27728823699036614,0.038156591355801,0.003333774628118,0.088892847299576
231,906.807,0.038623675082716,0.010860623509679,0.2811908366156255,0.039575722068548,0.003093537641689,0.093176081776619
232,909.019,0.042101400056477,0.011716142597227,0.27828391886042647,0.043123990297318,0.00098934781272,0.099863104522228
233,911.23,0.038451619803903,0.010851559849864,0.28221333471008997,0.03943694382906,0.001023559598252,0.090114004909992
234,913.442,0.040874396663783,0.011432927405047,0.2797087746417359,0.04188041202724,0.001099821412936,0.100382305681705
235,915.654,0.038553895557422,0.010906381909608,0.28288663835186467,0.039546586573124,0.000479733513203,0.094325475394726
236,917.866,0.037416301101697,0.010423098900482,0.27857106644914365,0.038339272141457,0.000592897238676,0.089246779680252
237,920.078,0.038588962398961,0.010953277965091,0.2838448427777865,0.039559744298458,0.000544668815564,0.093684889376163
238,922.29,0.040594254015981,0.011320505029381,0.2788696406374258,0.041576951742172,1.49565e-10,0.099123798310757
239,924.502,0.039397339660077,0.011088512215746,0.2814533242959666,0.040406793355942,0.001462003681809,0.096171826124191
240,926.713,0.040866301186152,0.011359426012305,0.2779656020387347,0.041855115443468,0.001051678438671,0.096953883767128
241,928.925,0.038502260696212,0.010784032040894,0.28008828172406447,0.039462767541409,0.000635575444903,0.091325096786022
242,931.137,0.039137304716823,0.011132552093531,0.284448614284512,0.040021646767855,2.3225e-11,0.094596847891808
243,933.349,0.042288345152928,0.012085902802402,0.2857974876693699,0.043247688561678,0.000743903103285,0.097206823527813
244,935.561,0.040415805120113,0.01241218907512,0.3071122556690835,0.041261602193117,1.54129e-10,0.108498647809029
245,937.773,0.041009807888335,0.012830434050919,0.31286257389585437,0.041837085038424,1.3918e-11,0.112995751202106
246,939.985,0.03940075493944,0.01251016716618,0.3175108493583043,0.040117807686329,1.7392e-11,0.097615957260132
247,942.196,0.043275227044498,0.013037603177126,0.3012717452347508,0.044182911515236,7.6008e-11,0.113189518451691
248,944.408,0.04089763645738,0.0122833990148,0.30034496070697636,0.041723150759935,2.5844e-11,0.097768157720566
249,946.62,0.046509019405468,0.013755064530301,0.2957504739109558,0.047488547861576,1.54702e-10,0.112583257257938
250,948.832,0.043342044017102,0.013447861852632,0.31027290377273653,0.044134177267551,1.13323e-10,0.126282393932343
251,951.044,0.037546295871013,0.01155546415718,0.3077657566242428,0.038268160074949,2.3481e-11,0.097610056400299
252,953.256,0.043261125818596,0.013632011557114,0.31510995840182726,0.044052861630917,2.9738e-11,0.107147954404354
253,955.468,0.038055343001984,0.011719203821783,0.3079516014655819,0.038809087127447,4.0689e-11,0.099466182291508
254,957.679,0.037052775345353,0.01156419720736,0.31210070229760356,0.037680607289076,2.937e-12,0.093220874667168
255,959.891,0.039668342872822,0.012236157806215,0.30846153179235447,0.040378667414188,1.519e-11,0.105670541524887
256,962.103,0.039517437394546,0.012322716208781,0.31182984072954384,0.040207915008068,3.5137e-11,0.09587199985981
257,964.315,0.044369779496862,0.013560566392318,0.30562618399483044,0.045184258371592,4.6911e-11,0.112782873213291
258,966.527,0.035471050571326,0.010901156680476,0.3073254528662946,0.036094050854445,2.067e-11,0.090682320296764
259,968.739,0.036518277967668,0.010940030252613,0.2995768382698362,0.037205833941698,7.5945e-11,0.088813543319702
260,970.951,0.039467759882447,0.01183316724036,0.29981856775263077,0.040199503302574,5.4686e-11,0.097614400088787
261,973.162,0.037818728125242,0.011137019231276,0.29448423528137185,0.038623806089163,5.4719e-11,0.093365654349327
262,975.374,0.043475580916168,0.012965478499824,0.29822438772755555,0.044342581182718,1.337e-12,0.104197233915329
263,977.586,0.043234482716904,0.012702715181391,0.293809810668197,0.04407350346446,3.3752e-11,0.105223625898361
264,979.798,0.038463416389377,0.011449042602887,0.2976605740630218,0.039107568562031,2.7585e-11,0.096939459443092
265,982.01,0.03951533082496,0.011601291669129,0.2935896379184811,0.0402717217803,4.6482e-11,0.097711659967899
266,984.222,0.039383892145119,0.011765039502727,0.29872719180156215,0.040114657953382,1.0762e-11,0.093810185790062
267,986.434,0.040963933361496,0.012102960790689,0.2954540689216423,0.041717689484358,4.9555e-11,0.099899262189865
268,988.645,0.038279313830525,0.011593759887873,0.30287271969404556,0.039068497717381,4.5137e-11,0.101120911538601
269,990.857,0.033530431167373,0.009842727937206,0.2935461189888763,0.034143500030041,9.5e-12,0.081388063728809
270,993.069,0.036097632553712,0.010678946463399,0.2958350924401789,0.036758463829756,8.93e-12,0.09183132648468
271,995.281,0.038499369376226,0.011226240872021,0.29159544828683326,0.039192348718643,1.18646e-10,0.099834501743317
272,997.493,0.041650963911474,0.0123026607419,0.29537517470300045,0.042330712080002,4.4111e-11,0.104326799511909
273,999.705,0.040389133344884,0.01168121478693,0.28921677242202165,0.041078262031078,3.7547e-11,0.098748862743378
274,1001.92,0.041186605254335,0.012360367150543,0.3001064805952183,0.041811220347881,1.03855e-10,0.099407382309437
